Order,Name,English,Group,Unit,Price,Qty
1,آلو,Potato,سبزی,کلو,,
2,پیاز,Onion,سبزی,کلو,,
3,ٹماٹر,Tomato,سبزی,کلو,,
4,ادرک,Ginger,سبزی,کلو,,
5,لہسن,Garlic,سبزی,کلو,,
6,ہری مرچ,Green Chilli,سبزی,پاؤ,,
7,ہرا دھنیا,Coriander,سبزی,گڈی,,
8,پودینہ,Mint,سبزی,گڈی,,
9,لیموں,Lemon,سبزی,عدد,,
10,ہری پیاز,Spring Onion,سبزی,پاؤ,,
11,کڑی پتے,Curry Leaves,سبزی,گڈی,,
12,شملہ مرچ,Capsicum,سبزی,عدد,,
13,بند گوبھی,Cabbage,سبزی,عدد,,
14,پھول گوبھی,Cauliflower,سبزی,عدد,,
15,گاجر,Carrot,سبزی,کلو,,
16,مولی,Radish,سبزی,کلو,,
17,شلجم,Turnip,سبزی,کلو,,
18,چقندر,Beetroot,سبزی,عدد,,
19,کھیرا,Cucumber,سبزی,کلو,,
20,بینگن,Eggplant,سبزی,کلو,,
21,بھنڈی,Okra,سبزی,کلو,,
22,لوکی,Bottle Gourd,سبزی,کلو,,
23,توری,Ridge Gourd,سبزی,کلو,,
24,ٹنڈے,Round Gourd,سبزی,کلو,,
25,کریلا,Bitter Gourd,سبزی,کلو,,
26,میٹھا کدو,Pumpkin,سبزی,کلو,,
27,اروی,Taro,سبزی,کلو,,
28,مٹر,Peas,سبزی,کلو,,
29,سبز لوبیا,Green Beans,سبزی,کلو,,
30,پالک,Spinach,سبزی,گڈی,,
31,میتھی,Fenugreek,سبزی,گڈی,,
32,سویا,Dill,سبزی,گڈی,,
33,سرسوں کا ساگ,Mustard Greens,سبزی,کلو,,
34,سلاد پتہ,Lettuce,سبزی,عدد,,
35,آئس برگ,Iceberg Lettuce,سبزی,عدد,,
36,بھٹے,Corn,سبزی,عدد,,
37,کچا پپیتا,Raw Papaya,سبزی,عدد,,
38,مشروم,Mushrooms,سبزی,پاؤ,,
39,شکرقندی,Sweet Potato,سبزی,کلو,,
40,کمل ککڑی,Lotus Root,سبزی,کلو,,
41,کیلا,Banana,پھل,درجن,,
42,سیب,Apple,پھل,کلو,,
43,مالٹا,Orange,پھل,درجن,,
44,کینو,Kinnow,پھل,درجن,,
45,انار,Pomegranate,پھل,کلو,,
46,پپیتا,Papaya,پھل,عدد,,
47,آم,Mango,پھل,کلو,,
48,امرود,Guava,پھل,کلو,,
49,انگور,Grapes,پھل,کلو,,
50,خربوزہ,Melon,پھل,عدد,,
51,تربوز,Watermelon,پھل,عدد,,
52,آڑو,Peach,پھل,کلو,,
53,خوبانی,Apricot,پھل,کلو,,
54,آلو بخارا,Plum,پھل,کلو,,
55,ناشپاتی,Pear,پھل,کلو,,
56,چیکو,Sapodilla,پھل,کلو,,
57,اسٹرابیری,Strawberry,پھل,پاؤ,,
58,فالسہ,Falsa,پھل,پاؤ,,
59,جامن,Java Plum,پھل,پاؤ,,
60,لیچی,Lychee,پھل,کلو,,
61,کھجور,Dates,پھل,کلو,,
62,شریفہ,Custard Apple,پھل,کلو,,
63,اناناس,Pineapple,پھل,عدد,,
